id|name|geo_coordinates|email|bio|skill_level|credits|rating
16820228 9511|Mathews, Beatrice Q.|-22.30476, -22.07768|tempus.non.lacinia@vestibulummassa.ca|Lorem ipsum dolor sit amet, consectetuer adipiscing elit. Curabitur|8|205|6
16640408 0357|Holder, Chanda X.|0.48729, 168.6235|senectus.et@lacusAliquam.net|Lorem ipsum dolor sit amet, consectetuer adipiscing elit. Curabitur sed|3|49|2
16450207 1675|Roman, Charissa Z.|45.92444, 72.57467|ipsum.primis.in@orciquislectus.co.uk|Lorem|10|49|4
16170317 5347|Estrada, Cody V.|-40.19518, -99.09987|Quisque@aliquet.net|Lorem ipsum dolor sit amet, consectetuer adipiscing elit.|2|106|3
16250916 9153|Duncan, Cecilia R.|-50.01495, 77.29569|ultricies.sem.magna@luctus.co.uk|Lorem ipsum dolor sit amet, consectetuer adipiscing elit. Curabitur|3|118|9
16470430 9782|Peck, Jared E.|52.81053, -138.39618|ac.orci@Aliquamadipiscinglobortis.org|Lorem ipsum dolor sit amet, consectetuer adipiscing|2|194|8
16970520 7059|Fox, Felix L.|-16.61319, 85.06288|Nullam.velit.dui@purusgravidasagittis.ca|Lorem|1|170|4
16330511 4534|Stout, Samantha E.|45.14512, -113.27867|Ut.tincidunt@ipsumleo.co.uk|Lorem ipsum dolor sit amet, consectetuer adipiscing|9|43|10
16091211 2836|Cash, Raja V.|87.14932, -109.717|cursus.in.hendrerit@Sedeget.ca|Lorem ipsum dolor sit amet, consectetuer adipiscing elit. Curabitur|1|153|10
16850829 7101|Lloyd, Quinlan U.|23.85664, -60.10097|Quisque.varius.Nam@ac.com|Lorem ipsum dolor|8|65|2
16340227 0643|Snider, Randall E.|-42.44825, -18.96488|id.risus@vitaeerat.net|Lorem ipsum dolor sit amet, consectetuer adipiscing elit.|10|44|3
16600618 7220|Sexton, Althea L.|29.92646, -146.9727|fermentum.risus.at@at.net|Lorem ipsum dolor sit|7|58|7
16830330 4714|Griffith, Leo K.|12.05982, 141.07352|tellus.sem.mollis@justofaucibuslectus.org|Lorem ipsum|9|223|9
16250821 5486|Alvarado, Quin B.|-19.85906, 156.34556|nostra@nequevitae.edu|Lorem ipsum dolor sit amet, consectetuer|9|123|8
16060805 3583|Juarez, Kellie H.|-55.10282, -106.5712|massa.rutrum@aliquamiaculis.ca|Lorem ipsum dolor|9|126|8
16591004 3404|Gould, Grant Z.|70.4242, 172.52837|lorem@Donecluctus.com|Lorem ipsum dolor sit|8|10|3
16651117 9282|Langley, Stephen J.|-2.59112, 153.08767|neque@libero.org|Lorem ipsum dolor|10|164|5
16680106 2198|Koch, Clarke W.|11.73294, 43.33241|sed@nibh.org|Lorem ipsum dolor sit amet, consectetuer adipiscing elit. Curabitur sed|3|124|4
16980323 0086|Norman, Teagan Z.|16.4565, 171.44254|in@orci.edu|Lorem ipsum dolor sit amet, consectetuer adipiscing|8|119|7
16270505 6360|Horn, Orli V.|42.28704, -63.44169|Morbi.non.sapien@arcuiaculis.ca|Lorem|2|154|9
16110823 6066|Miller, Rahim V.|-25.9308, -164.20418|imperdiet.non@ligulaNullam.com|Lorem ipsum dolor|2|88|1
16601019 1127|Robles, Herrod R.|64.64098, -90.0876|bibendum@gravidanonsollicitudin.edu|Lorem ipsum dolor|9|71|4
16220910 5556|Stevenson, Justine B.|-1.62037, -38.22008|sapien.molestie.orci@quisurnaNunc.co.uk|Lorem ipsum dolor|7|30|2
16941112 3160|Hunt, Yuli Z.|53.42605, -97.00293|augue.ut.lacus@utipsum.com|Lorem ipsum dolor sit amet, consectetuer adipiscing elit. Curabitur sed|3|105|4
16060605 3767|Jacobs, Patrick S.|73.77097, -164.84229|pede.Cras.vulputate@Vestibulum.org|Lorem ipsum dolor sit amet, consectetuer adipiscing|10|91|8
16061023 8412|Serrano, Roth O.|77.41831, 127.19193|libero@inconsequat.org|Lorem ipsum dolor sit amet, consectetuer adipiscing elit. Curabitur sed|3|233|10
16830429 9897|Galloway, Erasmus N.|-64.63436, -60.39046|risus.In.mi@risusDonecegestas.com|Lorem|8|67|3
16850913 0160|Warner, Eric O.|45.14724, -123.79137|Sed.pharetra@dis.net|Lorem ipsum|1|153|8
16150513 1910|Lambert, Hammett D.|31.6824, -96.24614|Cras.pellentesque.Sed@mollis.ca|Lorem|6|226|6
16881129 3854|Holland, Arden Q.|-51.82799, -141.35172|dictum@litora.net|Lorem ipsum|10|178|8
16821123 5927|Nieves, Melyssa T.|80.47043, -116.84659|dictum@quama.com|Lorem ipsum dolor sit amet, consectetuer|7|238|2
16941124 9171|Duran, Larissa J.|3.83382, 42.4169|velit.Pellentesque@acrisusMorbi.com|Lorem ipsum dolor sit amet,|10|118|6
16920219 8371|Hewitt, Amos B.|-73.57924, -122.09157|tellus@necligula.edu|Lorem ipsum dolor sit amet,|10|117|9
16580420 2579|Puckett, Kaseem X.|8.08796, 169.44363|Etiam.bibendum.fermentum@Sed.edu|Lorem ipsum dolor sit amet, consectetuer|10|134|5
16360822 5524|Petersen, Lee P.|-40.9782, 64.07629|fringilla.porttitor.vulputate@maurisutmi.edu|Lorem ipsum dolor sit amet, consectetuer adipiscing|10|41|6
16901202 4510|Hart, Ezra F.|66.97462, -42.70606|nascetur@ante.com|Lorem ipsum dolor sit|3|190|10
16590901 6445|Nunez, Christen F.|-45.34046, 169.5381|rhoncus.Donec@malesuadafamesac.ca|Lorem|8|94|10
16691114 1106|Hampton, Arden H.|-57.87534, -0.95303|dui.nec@augue.ca|Lorem ipsum dolor sit amet, consectetuer adipiscing elit. Curabitur|6|202|7
16870427 4235|Rogers, Graham Z.|-88.37281, 146.58181|In.lorem@Etiam.ca|Lorem ipsum dolor sit amet, consectetuer adipiscing elit.|1|243|8
16000722 8513|Larsen, Xena S.|18.9978, 104.77851|Donec@Crasloremlorem.net|Lorem|2|11|1
16660519 6259|Ferguson, Beverly V.|-63.79752, -52.1617|nonummy@anteblandit.com|Lorem ipsum dolor sit amet, consectetuer adipiscing elit. Curabitur|10|75|1
16280414 7995|Bryant, Walter S.|-84.14614, -90.13159|sed@musProin.edu|Lorem|6|97|5
16600605 6771|Torres, Ifeoma T.|-72.63971, -152.49075|eget@nec.com|Lorem ipsum dolor|2|37|9
16630605 7404|Jennings, Calista K.|-45.30129, 23.89625|ligula@velfaucibus.edu|Lorem ipsum dolor sit amet,|5|95|7
16910723 5179|Nicholson, Blair A.|-82.56885, -12.63848|malesuada.ut.sem@cursus.edu|Lorem ipsum|6|46|5
16780119 0583|Guzman, Larissa H.|-57.22656, -109.45443|netus.et@DonecfringillaDonec.edu|Lorem ipsum dolor sit amet,|10|174|3
16430917 3872|Chen, Clio M.|15.51359, 100.96707|Nam@erat.co.uk|Lorem ipsum|6|185|9
16470809 0016|Benjamin, Dennis D.|18.21351, 149.04419|sed@purusNullam.ca|Lorem ipsum dolor sit amet, consectetuer|8|51|1
16320520 3338|Randolph, Lois I.|20.19311, 38.67891|eu.sem@egestas.co.uk|Lorem ipsum dolor sit amet, consectetuer adipiscing elit. Curabitur|9|119|10
16560529 6325|Turner, Callum S.|13.72, 76.11687|ac.eleifend.vitae@arcuVestibulumante.ca|Lorem ipsum dolor sit amet, consectetuer adipiscing elit.|9|222|8
16110825 6973|Richards, Britanni V.|-2.66398, -143.29059|egestas.Sed.pharetra@ullamcorpermagnaSed.edu|Lorem ipsum dolor sit amet, consectetuer|10|17|10
16730827 2355|Conrad, Winter O.|52.49633, 10.85378|Aliquam@afelis.com|Lorem ipsum dolor|10|2|6
16621020 3961|Barber, Vance M.|56.97259, -47.03255|Morbi.sit.amet@fermentumarcuVestibulum.net|Lorem ipsum dolor sit amet, consectetuer adipiscing elit. Curabitur sed|10|206|7
16051017 4410|Booker, Fritz H.|-72.61205, 15.6499|et.rutrum.non@ipsumsodalespurus.co.uk|Lorem ipsum dolor sit amet, consectetuer adipiscing|3|167|3
16330727 1365|Lee, Macaulay P.|-76.65336, 74.71968|Mauris.molestie@ligula.net|Lorem ipsum dolor sit amet, consectetuer adipiscing elit. Curabitur sed|2|79|6
16040606 0418|Dominguez, Madeson V.|48.97094, 151.56798|at.velit@nonegestasa.co.uk|Lorem|10|244|2
16830503 1935|Benjamin, Keith Q.|11.56244, -124.5152|sed@accumsanconvallisante.com|Lorem ipsum dolor sit amet, consectetuer adipiscing elit.|2|225|8
16261015 5232|Hammond, Ulysses Z.|-57.06271, -130.98988|lorem@Etiamimperdiet.ca|Lorem ipsum dolor sit amet, consectetuer adipiscing|9|92|9
16500607 7522|Benson, Mannix Z.|33.24946, -172.52379|feugiat@feugiat.com|Lorem ipsum|6|250|10
16990512 4641|Buckley, Yael K.|-31.81101, -118.86607|ornare.tortor.at@vehicularisus.co.uk|Lorem|4|96|4
16950523 8395|Pacheco, Miranda L.|36.64647, 141.87445|mollis@sitametante.com|Lorem|5|19|6
16851207 0205|Larsen, Richard I.|35.29921, -75.81396|amet.faucibus.ut@eu.com|Lorem ipsum dolor sit amet, consectetuer adipiscing elit. Curabitur|6|157|6
16060914 0132|Clarke, Yuli E.|-30.41152, 140.80964|porttitor.vulputate@leoVivamus.co.uk|Lorem ipsum dolor|5|180|9
16940920 3255|Reyes, Boris B.|-21.42852, 39.3183|eu@mauris.co.uk|Lorem ipsum dolor sit amet,|1|150|6
16721229 1087|Blackburn, Craig N.|-39.4256, -30.29752|ridiculus.mus@consequat.ca|Lorem ipsum dolor sit amet, consectetuer adipiscing elit. Curabitur sed|1|195|5
16181027 2540|Bonner, Dorothy E.|5.24821, -63.97089|orci@aliquamerosturpis.edu|Lorem ipsum dolor sit amet, consectetuer adipiscing elit. Curabitur sed|4|6|10
16710701 3620|Bishop, Bevis S.|-65.26827, -95.43617|mauris@semperpretiumneque.co.uk|Lorem ipsum dolor sit amet, consectetuer adipiscing|5|21|7
16930813 8289|Welch, Lysandra K.|-61.06895, -142.58088|tincidunt.aliquam@amet.edu|Lorem|7|240|8
16051114 5211|Richardson, McKenzie U.|-23.80306, 21.28323|hendrerit.a@nec.com|Lorem ipsum dolor sit amet, consectetuer adipiscing elit. Curabitur|2|133|9
16910118 0363|Lowe, Anthony J.|-61.05759, -35.31713|lectus.rutrum.urna@Vestibulum.com|Lorem ipsum dolor sit amet, consectetuer adipiscing elit. Curabitur sed|7|67|4
16050404 1831|Mcknight, Dylan Y.|12.46994, 80.87731|id.libero@Phasellus.org|Lorem ipsum dolor sit amet, consectetuer adipiscing elit.|3|72|2
16880803 9757|Wiggins, Minerva I.|67.6035, -154.64506|aliquam@nibhDonec.com|Lorem ipsum dolor sit amet, consectetuer adipiscing elit. Curabitur|8|142|3
16960516 6801|Acosta, Sybil B.|-13.64253, -3.11342|fermentum@temporlorem.edu|Lorem ipsum dolor sit amet, consectetuer adipiscing|8|39|5
16690512 2807|Logan, Beck N.|-10.92236, -18.79398|Nam@purus.ca|Lorem ipsum dolor sit amet, consectetuer adipiscing elit. Curabitur sed|5|34|8
16560617 0495|Wheeler, Troy X.|-41.47102, -94.44486|erat.eget@ligula.org|Lorem ipsum dolor|2|161|8
16211124 7264|Carrillo, Porter S.|74.85691, 2.72613|nibh.Phasellus.nulla@Maecenasmi.co.uk|Lorem ipsum dolor|7|166|1
16610807 5604|Bradford, Kristen T.|-16.75144, 4.76499|nunc.risus@metusvitaevelit.ca|Lorem ipsum dolor sit amet, consectetuer adipiscing elit. Curabitur sed|7|25|2
16470215 0048|Saunders, Kuame U.|-26.72979, 12.30607|Proin.nisl@Donec.co.uk|Lorem ipsum dolor sit amet, consectetuer adipiscing|4|186|9
16381006 4265|Weeks, Yen W.|-67.2722, -15.82599|elit@sed.org|Lorem|6|201|6
16021214 5528|Kelly, Roth X.|-89.66122, -4.00192|a@vestibulumneque.edu|Lorem ipsum dolor sit amet, consectetuer adipiscing elit.|7|2|6
16900817 5896|Foreman, Stella T.|60.56529, -42.07685|dapibus@laciniaSedcongue.org|Lorem ipsum dolor sit amet, consectetuer adipiscing elit. Curabitur sed|5|32|6
16670715 2044|Dejesus, Omar N.|-7.30518, 164.96192|risus@orcitincidunt.edu|Lorem ipsum dolor sit amet, consectetuer adipiscing|5|27|8
16840512 3483|Howe, Blythe Z.|-61.75788, 169.42105|blandit.mattis@maurisIntegersem.ca|Lorem ipsum dolor|8|228|3
16160305 9716|Haynes, Harding D.|52.83191, 109.85307|vel.arcu@vulputateduinec.net|Lorem ipsum dolor sit amet, consectetuer adipiscing elit. Curabitur sed|8|61|10
16190921 3447|Whitney, Ciaran U.|42.06883, -172.38319|magna.sed.dui@ultricies.org|Lorem ipsum dolor sit amet,|10|115|9
16050520 1954|Fitzpatrick, Rhiannon N.|0.9666, 164.45546|lectus.convallis.est@posuerecubilia.com|Lorem ipsum dolor sit amet, consectetuer|6|58|6
16440104 6844|Sykes, Yael Z.|75.32822, 93.01044|Praesent@non.org|Lorem ipsum dolor sit amet, consectetuer adipiscing elit. Curabitur|2|210|3
16650813 5263|Page, Hiroko H.|87.61824, 133.88605|eget@atvelitCras.co.uk|Lorem ipsum dolor sit amet,|7|146|4
16840403 3980|Wells, Troy W.|-36.00759, -155.52373|Nullam.feugiat.placerat@mauris.co.uk|Lorem ipsum dolor sit amet, consectetuer adipiscing elit. Curabitur sed|2|216|4
16070608 9273|Yates, Yen F.|-14.05814, -31.22789|sed.consequat@egetipsum.com|Lorem ipsum dolor sit amet,|8|95|1
16190920 1095|Keller, Dante A.|-73.28375, -60.59703|elit.Aliquam.auctor@ornare.com|Lorem ipsum dolor sit amet, consectetuer adipiscing elit. Curabitur sed|7|226|5
16610616 8260|Finch, Lucas B.|-33.79128, 79.90394|urna.convallis.erat@hendreritid.co.uk|Lorem ipsum dolor sit amet, consectetuer adipiscing|9|95|1
16121221 8281|Conrad, Tyler N.|-28.63643, -106.84672|ridiculus.mus.Donec@a.ca|Lorem ipsum dolor sit amet, consectetuer adipiscing elit. Curabitur sed|7|113|4
16230315 3338|Walls, Britanni Z.|-61.26424, 121.45475|Quisque.imperdiet.erat@nonummyut.ca|Lorem ipsum dolor sit amet, consectetuer adipiscing elit. Curabitur sed|7|98|10
16061025 8311|Cummings, Julian P.|27.72418, -70.92188|vulputate.mauris.sagittis@interdumlibero.edu|Lorem ipsum dolor sit amet, consectetuer adipiscing|2|66|10
16150111 7780|Evans, Lamar Y.|-60.71165, -17.3405|mus.Aenean.eget@turpis.net|Lorem ipsum dolor|9|192|7
16051204 5188|Blackwell, Mechelle S.|-3.79605, 92.51642|habitant.morbi.tristique@Naminterdumenim.net|Lorem ipsum|8|250|3
16830908 7180|Sanford, Bethany S.|68.73308, -122.37094|enim.sit@diam.com|Lorem ipsum dolor sit amet, consectetuer adipiscing elit.|9|62|4
16450226 0393|Mckay, Vera U.|40.50679, -50.26862|Ut.nec@Nuncut.org|Lorem ipsum dolor sit amet,|2|234|9
16701120 4729|Donovan, Hedwig D.|56.92321, 114.27349|gravida@miAliquamgravida.ca|Lorem ipsum dolor sit amet, consectetuer adipiscing elit.|1|223|6