id|name|geo_coordinates|email|bio|skill_level|credits
16880510 0982|Webster, Alexa B.|-62.985, 24.00479|pharetra.Quisque@Nulla.edu|Lorem ipsum dolor sit|2|99
16601222 8257|Carney, Nigel Z.|-30.64979, -91.81641|sed@nequeet.co.uk|Lorem ipsum dolor sit amet,|10|98
16201220 8167|Vaughn, Juliet D.|47.57972, -97.0232|Etiam.laoreet@nectempus.co.uk|Lorem ipsum|9|220
16681116 8951|Douglas, Hasad A.|-60.92224, -177.48889|Vestibulum.ante@elitEtiamlaoreet.edu|Lorem ipsum dolor sit amet, consectetuer|9|123
16320821 3029|Middleton, Sylvester V.|-10.28478, -100.49829|mus.Proin@mollisneccursus.ca|Lorem ipsum dolor sit amet, consectetuer adipiscing elit. Curabitur|9|44
16080216 0416|Hurley, Sopoline Y.|-26.13045, 148.2768|Proin.eget@natoquepenatibus.net|Lorem|1|58
16330112 3620|Owen, Briar E.|68.46517, 100.17982|placerat.Cras@magnis.co.uk|Lorem ipsum dolor sit amet,|4|100
16100411 3286|Munoz, Hamilton K.|-77.34557, -77.15135|In.tincidunt@nonhendreritid.edu|Lorem ipsum dolor sit amet, consectetuer adipiscing elit.|8|95
16750321 2289|Booker, Mechelle A.|13.79414, 136.28648|Quisque.imperdiet.erat@ligula.ca|Lorem ipsum|1|45
16690401 3775|Sandoval, Tanisha K.|55.74604, -176.46178|eros.Proin@diamluctuslobortis.ca|Lorem ipsum dolor sit amet,|2|183
16180920 6483|Faulkner, Lara J.|-31.98747, 87.79896|at@egestasFusce.co.uk|Lorem ipsum dolor sit amet, consectetuer adipiscing|4|39
16250404 8766|Snider, Jael Q.|-32.30717, -85.31675|ac.metus@necanteMaecenas.edu|Lorem ipsum dolor sit amet, consectetuer|6|195
16170519 3298|Norton, Amity R.|88.72285, -27.00621|Sed.congue.elit@necmauris.com|Lorem ipsum|1|37
16570728 5812|Reese, Merritt Z.|2.6673, -70.76979|blandit.mattis.Cras@Aliquameratvolutpat.com|Lorem ipsum dolor sit amet, consectetuer|8|40
16551004 9009|Hale, September H.|-78.06398, -49.5028|tempor@convallis.co.uk|Lorem ipsum dolor|9|146
16300213 3340|Salas, Alan Y.|-72.53148, 50.6837|et.lacinia@diamnunc.com|Lorem ipsum dolor sit amet, consectetuer|9|93
16821017 5959|Hammond, Jael D.|-55.51718, 59.57884|rutrum.magna@arcuac.edu|Lorem ipsum dolor sit amet, consectetuer adipiscing elit. Curabitur|4|76
16180504 0449|Whitaker, Carson T.|6.16002, -165.69243|id.libero.Donec@Suspendissesed.co.uk|Lorem ipsum dolor sit|10|49
16471129 1387|Buckley, Marshall Q.|-53.07855, 104.17737|Sed.dictum@Aliquam.org|Lorem ipsum|3|17
16641229 8884|Rowland, Jameson V.|-26.63668, -133.65895|Ut.tincidunt@antebibendum.org|Lorem ipsum dolor sit amet, consectetuer adipiscing elit. Curabitur|3|39
16851222 0859|Henderson, Kyle T.|80.92717, 87.27855|dictum.Proin@tristique.edu|Lorem ipsum dolor sit|6|38
16841125 2367|Vargas, Glenna U.|-16.85842, -60.58794|non.nisi@utnisia.net|Lorem ipsum dolor sit amet, consectetuer adipiscing|6|219
16851119 5706|Chavez, Calista O.|-48.75831, -13.38825|mi.pede@imperdietnecleo.ca|Lorem ipsum dolor sit amet, consectetuer adipiscing elit. Curabitur|2|143
16771213 9471|Griffin, Jescie D.|26.31052, 124.41664|vitae@Maurisquis.edu|Lorem ipsum dolor sit amet, consectetuer|3|172
16830303 7702|Sheppard, Gwendolyn R.|9.75786, 2.70051|tempus.non.lacinia@idliberoDonec.net|Lorem ipsum dolor sit|6|77
16580523 5594|Haney, Blake I.|-68.66661, 53.84338|est.mauris@Mauris.com|Lorem ipsum dolor sit|9|226
16560310 8746|Morrow, Kasimir M.|-2.60751, 25.17402|erat@blandit.edu|Lorem ipsum|7|141
16300521 9484|Stone, Mark H.|56.68217, -94.0365|sed.pede@placerat.org|Lorem ipsum dolor sit amet, consectetuer|5|57
16390407 6142|Riddle, Lucy F.|55.31209, -50.34739|nunc.nulla@dapibusligulaAliquam.ca|Lorem ipsum dolor sit|8|163
16071022 4973|Austin, Clayton A.|62.50554, 152.60685|lectus.Cum.sociis@montes.org|Lorem|1|165
16810529 0657|Cain, Alec N.|-49.92243, -97.24689|tempus.scelerisque@sedduiFusce.ca|Lorem ipsum dolor sit|8|36
16021020 6181|Robles, Jordan E.|-78.94204, 123.53044|porttitor@gravida.ca|Lorem ipsum dolor|3|184
16640718 3497|Herrera, Aidan Z.|45.73151, 89.01747|egestas.nunc@dui.net|Lorem ipsum dolor sit amet, consectetuer adipiscing elit. Curabitur sed|5|139
16731206 1570|Guzman, Ulysses Y.|-89.28407, -130.40949|erat@vehicularisusNulla.co.uk|Lorem ipsum dolor sit amet, consectetuer adipiscing elit. Curabitur|5|32
16330814 5709|Haynes, Jayme Z.|-58.76276, -145.86765|tellus.imperdiet@nequesed.com|Lorem ipsum dolor sit amet, consectetuer adipiscing elit. Curabitur|1|10
16240311 9783|Fox, Yvette T.|79.66003, -161.3299|velit@Praesenteu.edu|Lorem ipsum dolor sit amet, consectetuer adipiscing elit. Curabitur sed|10|157
16830730 8976|Herrera, Bevis W.|-10.47976, -90.83697|lectus.Nullam.suscipit@posuere.net|Lorem ipsum dolor sit|6|41
16960922 8078|Marks, Reuben H.|-4.16734, -69.57821|sodales.Mauris@diamnuncullamcorper.org|Lorem|6|93
16880628 0924|Murray, Nita Z.|85.77965, 152.67786|molestie@Nullamlobortisquam.com|Lorem ipsum dolor sit|8|8
16710713 0432|Holloway, Keaton U.|-71.56096, 26.21808|imperdiet@commodo.net|Lorem ipsum dolor sit amet,|10|167
16331226 1120|Daugherty, Quinn R.|15.34746, 66.69846|mi.fringilla@Nuncuterat.ca|Lorem ipsum|3|165
16710601 3183|Lane, Alec J.|12.08124, 3.74958|lectus.Nullam@maurisaliquameu.com|Lorem ipsum dolor sit|1|133
16730419 7606|Mendoza, Kalia U.|6.42117, -94.05046|malesuada.fringilla.est@acfermentum.net|Lorem ipsum dolor sit amet, consectetuer adipiscing elit.|1|56
16651019 3581|Ortiz, Lavinia F.|32.12224, 46.67407|inceptos@purus.co.uk|Lorem ipsum|3|249
16110813 7652|Wall, Keiko Q.|23.58726, 125.9334|tincidunt.adipiscing@egestas.com|Lorem ipsum dolor|8|118
16521018 7687|Chase, Kylan F.|22.35116, 37.10431|nunc.ullamcorper.eu@ut.edu|Lorem ipsum dolor sit|6|196
16030101 4833|Lucas, Graiden Z.|-13.17624, 60.48312|massa@hymenaeosMauris.ca|Lorem|5|203
16770823 5606|Hancock, Vaughan E.|-35.08001, 84.91181|Sed.eu@lacus.com|Lorem ipsum dolor sit amet, consectetuer adipiscing elit.|7|125
16580808 8891|Carlson, Finn S.|-87.8853, 163.63409|dignissim.tempor@cubilia.edu|Lorem ipsum dolor sit amet, consectetuer adipiscing elit.|4|1
16870720 3215|Tate, Mark C.|-87.98146, -81.70836|urna.nec@Loremipsumdolor.org|Lorem ipsum dolor sit amet, consectetuer adipiscing elit. Curabitur sed|3|84
16991124 8095|Hebert, Sophia M.|-7.05433, 91.80997|Pellentesque.tincidunt@Proinvelit.co.uk|Lorem ipsum dolor sit amet, consectetuer adipiscing elit. Curabitur|10|109
16650629 9194|Byers, Claire Z.|-79.94642, -80.31966|Donec.dignissim@Sed.net|Lorem ipsum|8|214
16490210 9018|Frazier, Scarlett J.|23.31936, -138.36051|ultricies.ligula@congueelitsed.ca|Lorem ipsum|4|175
16510403 3609|Ratliff, Calista O.|50.41285, -156.9671|natoque.penatibus@laoreetipsum.ca|Lorem ipsum dolor sit amet, consectetuer adipiscing elit. Curabitur|7|96
16240916 2092|Merritt, Vivien S.|-83.24038, 127.04469|nec.ante@semperrutrumFusce.net|Lorem ipsum dolor sit amet, consectetuer adipiscing elit. Curabitur|10|109
16840602 2999|Chase, Quincy U.|-55.04331, 77.25105|lacus@Sedegetlacus.com|Lorem ipsum|3|99
16030408 2753|Davenport, Sonia D.|-77.25176, -118.4263|Quisque.libero.lacus@Donec.ca|Lorem ipsum dolor sit amet, consectetuer adipiscing elit. Curabitur sed|7|114
16680116 6197|Zimmerman, Griffith D.|78.757, -61.01974|pellentesque.a@malesuadaIntegerid.edu|Lorem ipsum dolor sit|3|127
16150902 9490|Dunn, Gabriel H.|28.90052, -35.04145|Nulla.facilisis@nibh.ca|Lorem ipsum dolor|9|242
16930319 1184|Bright, Kasimir M.|-12.84979, -35.12097|gravida.nunc@utpharetra.edu|Lorem ipsum dolor sit amet, consectetuer adipiscing elit. Curabitur sed|6|60
16391029 2915|Bush, Nicole G.|-24.52472, -104.71459|elit.fermentum@sit.co.uk|Lorem ipsum|6|60
16680922 9872|Hudson, Oleg N.|26.2744, 25.93447|ipsum@a.ca|Lorem ipsum dolor|6|3
16811221 1084|Colon, Cullen Y.|-82.03416, 71.25051|lobortis.tellus@lorem.co.uk|Lorem|9|90
16220326 7980|Cross, Renee U.|19.46764, 47.57987|metus.Aliquam@tinciduntnibhPhasellus.co.uk|Lorem ipsum dolor sit amet, consectetuer adipiscing elit.|3|10
16021004 2271|Day, Risa J.|51.24182, 49.89901|ligula@sodalesnisimagna.co.uk|Lorem ipsum|3|45
16100902 1351|Gilliam, Galena D.|78.52229, -7.95296|Suspendisse.ac.metus@sodales.com|Lorem ipsum dolor|2|135
16250917 6869|Buck, Kirk I.|1.5619, -14.7208|non.nisi@tempusrisus.edu|Lorem ipsum dolor sit|8|2
16250308 0109|Mason, Tallulah D.|78.72322, -109.00301|nibh.enim@vestibulumMaurismagna.co.uk|Lorem ipsum dolor sit|5|182
16410118 0778|Copeland, Freya L.|65.10405, -15.76891|elit@temporestac.co.uk|Lorem ipsum dolor sit|5|210
16290326 9377|Marsh, Heather I.|86.4725, -89.06551|amet.consectetuer.adipiscing@cursusIntegermollis.com|Lorem ipsum dolor sit|8|25
16440823 3056|Macdonald, Addison M.|86.57059, 77.60708|libero.lacus@eleifendnon.org|Lorem ipsum dolor sit|2|3
16740706 2483|Garcia, Lev G.|-60.28499, 172.87262|libero@Proin.org|Lorem ipsum dolor sit amet, consectetuer adipiscing|5|212
16250302 1376|Potts, Jakeem N.|-70.64669, 100.61066|lectus@commodohendrerit.org|Lorem ipsum dolor sit amet, consectetuer adipiscing|8|223
16920728 2972|Thomas, Nora K.|83.66711, 85.09799|Donec.luctus.aliquet@erateget.edu|Lorem ipsum dolor sit amet,|3|143
16430116 9043|Richardson, Allen O.|-47.63016, 165.23631|Vivamus.molestie@justoPraesent.org|Lorem ipsum dolor sit amet,|3|152
16150625 4646|Russell, Kalia Z.|43.61657, 25.1613|Cras.pellentesque@magnaLorem.com|Lorem ipsum dolor sit amet,|6|116
16020726 1439|Mckinney, Gabriel R.|-74.99518, 161.06811|adipiscing.lacus@necimperdietnec.net|Lorem ipsum dolor sit amet,|6|250
16111123 3605|Church, Price M.|-15.02314, 90.97782|dui.semper@duinec.net|Lorem|2|156
16830719 1703|Sargent, Cynthia N.|-51.28187, 169.3564|sit@aliquamenim.com|Lorem ipsum dolor sit amet, consectetuer adipiscing elit. Curabitur sed|7|17
16800702 0186|Sanford, Porter U.|62.85094, 147.50306|magna@SuspendissesagittisNullam.com|Lorem ipsum dolor sit amet, consectetuer adipiscing elit.|2|145
16070722 1024|Crane, Neve Z.|-56.5859, -137.10764|id.mollis@liberomaurisaliquam.ca|Lorem|3|14
16291024 4025|Carney, Hermione T.|67.06391, 148.37371|vestibulum.massa@luctusaliquet.co.uk|Lorem ipsum dolor sit amet, consectetuer adipiscing elit. Curabitur|7|53
16291014 8192|Snider, Uta P.|31.77783, -56.73214|lobortis.quis.pede@posuere.net|Lorem ipsum dolor sit amet, consectetuer adipiscing|1|165
16791103 3053|Stokes, Aristotle W.|42.87632, -47.98102|Duis.dignissim@malesuadamalesuadaInteger.edu|Lorem ipsum dolor sit|5|213
16190713 6756|Pearson, Caesar T.|30.9587, -172.04009|mauris.ut.mi@eulacus.com|Lorem ipsum|5|173
16120309 7520|Fox, Darius M.|-86.76333, -140.37529|velit.eu@Quisquefringilla.co.uk|Lorem ipsum dolor sit amet, consectetuer adipiscing elit. Curabitur|7|55
16070129 0561|Hewitt, Steven U.|84.93201, -15.82483|est.Mauris.eu@tellus.com|Lorem|9|14
16430709 7115|Mercado, Wanda B.|86.99076, -119.62979|pharetra.ut@ornareelit.net|Lorem|4|7
16050912 0242|Evans, Gannon V.|74.81323, -45.91532|eu.tellus.Phasellus@vehiculaaliquet.com|Lorem ipsum dolor|3|111
16181003 6143|Woodard, Britanney N.|-88.3872, 177.82775|faucibus.Morbi.vehicula@imperdiet.net|Lorem ipsum|5|241
16711117 4483|Hooper, Blaine L.|9.81643, 130.69335|semper.erat.in@nuncsedlibero.co.uk|Lorem ipsum dolor sit amet,|2|68
16811112 2886|Dalton, Celeste E.|-70.23135, -54.3983|est.ac.facilisis@gravidaAliquam.edu|Lorem ipsum dolor sit amet, consectetuer adipiscing|10|26
16321103 5146|Mason, Peter C.|-46.33017, 70.30262|imperdiet.ornare@milacinia.co.uk|Lorem ipsum|1|33
16700322 3638|Rocha, Harriet E.|-10.21569, 117.1589|diam.Sed.diam@quismassa.net|Lorem|10|179
16060225 3890|Duffy, Colin F.|76.04692, -3.98981|diam.Pellentesque@Donec.ca|Lorem|6|162
16860730 2687|Rutledge, Garth C.|-62.53773, -73.93488|non@metusfacilisislorem.edu|Lorem ipsum|7|92
16420627 5010|English, Cheryl M.|21.07337, 49.72009|lacus.Etiam.bibendum@parturientmontes.org|Lorem ipsum dolor sit|7|54
16620219 0408|Drake, Elton J.|75.58236, -67.59798|arcu.eu@nisisem.ca|Lorem ipsum dolor sit|8|71
16710222 0485|Carr, Martha X.|-83.65582, 95.3543|dolor.sit@lobortisClass.co.uk|Lorem ipsum dolor sit amet, consectetuer adipiscing elit. Curabitur sed|4|110
16540101 8030|Baxter, Ivor D.|41.33463, -167.45811|Vestibulum@Nunc.ca|Lorem|8|157